-- Insert 3 basins
INSERT INTO basins (basin_id, name, area, region, created_at) VALUES
(1, '长江流域', 1800000, '华东', '2023-01-01 00:00:00'),
(2, '黄河流域', 752443, '华北', '2023-01-02 00:00:00'),
(3, '珠江流域', 453690, '华南', '2023-01-03 00:00:00');

-- Insert 5 rivers (3 in Yangtze basin, 1 in Yellow River basin, 1 in Pearl River basin)
INSERT INTO rivers (river_id, name, length, basin_id, created_at) VALUES
(1, '长江', 6300, 1, '2023-01-01 08:00:00'),
(2, '汉江', 1577, 1, '2023-01-01 09:00:00'),
(3, '嘉陵江', 1119, 1, '2023-01-01 10:00:00'),
(4, '黄河', 5464, 2, '2023-01-02 08:00:00'),
(5, '珠江', 2129, 3, '2023-01-03 08:00:00');

-- Insert 20 reservoirs (primarily in Yangtze basin)
INSERT INTO reservoirs (reservoir_id, name, capacity, river_id, created_at) VALUES
(1, '三峡水库', 393000, 1, '2023-01-01 09:00:00'),
(2, '葛洲坝水库', 1580, 1, '2023-01-01 10:00:00'),
(3, '丹江口水库', 290500, 2, '2023-01-01 11:00:00'),
(4, '小浪底水库', 126500, 4, '2023-01-02 09:00:00'),
(5, '龚嘴水库', 3200, 1, '2023-01-01 12:00:00'),
(6, '二滩水库', 58000, 1, '2023-01-01 13:00:00'),
(7, '向家坝水库', 516000, 1, '2023-01-01 14:00:00'),
(8, '溪洛渡水库', 115700, 1, '2023-01-01 15:00:00'),
(9, '新安江水库', 22000, 1, '2023-01-01 16:00:00'),
(10, '富春江水库', 8870, 1, '2023-01-01 17:00:00'),
(11, '万安水库', 2210, 1, '2023-01-01 18:00:00'),
(12, '柘溪水库', 3560, 1, '2023-01-01 19:00:00'),
(13, '凤滩水库', 1720, 1, '2023-01-01 20:00:00'),
(14, '东江水库', 8160, 1, '2023-01-01 21:00:00'),
(15, '白莲河水库', 1250, 1, '2023-01-01 22:00:00'),
(16, '陆水水库', 730, 1, '2023-01-01 23:00:00'),
(17, '三峡下游水库', 12000, 1, '2023-01-02 00:00:00'),
(18, '丹江口副坝', 15000, 2, '2023-01-02 01:00:00'),
(19, '大藤峡水库', 20500, 5, '2023-01-03 09:00:00'),
(20, '飞来峡水库', 1960, 5, '2023-01-03 10:00:00');

-- Insert 20 flood control facilities
INSERT INTO flood_control_facilities (facility_id, name, type, river_id, created_at) VALUES
(1, '荆江大堤', '堤防', 1, '2023-01-01 10:00:00'),
(2, '武汉防洪墙', '防洪墙', 1, '2023-01-01 11:00:00'),
(3, '九江防洪闸', '水闸', 1, '2023-01-01 12:00:00'),
(4, '洞庭湖分洪区', '分洪区', 1, '2023-01-01 13:00:00'),
(5, '鄱阳湖分洪区', '分洪区', 1, '2023-01-01 14:00:00'),
(6, '黄河下游堤防', '堤防', 4, '2023-01-02 10:00:00'),
(7, '东平湖分洪区', '分洪区', 4, '2023-01-02 11:00:00'),
(8, '珠江防洪堤', '堤防', 5, '2023-01-03 11:00:00'),
(9, '汉江防洪闸', '水闸', 2, '2023-01-01 15:00:00'),
(10, '嘉陵江防洪堤', '堤防', 3, '2023-01-01 16:00:00'),
(11, '长江上游防护林', '生态防护', 1, '2023-01-01 17:00:00'),
(12, '三峡排涝站', '排涝站', 1, '2023-01-01 18:00:00'),
(13, '武汉排涝系统', '排水系统', 1, '2023-01-01 19:00:00'),
(14, '南京防洪墙', '防洪墙', 1, '2023-01-01 20:00:00'),
(15, '上海防潮闸', '水闸', 1, '2023-01-01 21:00:00'),
(16, '珠江口防潮工程', '防潮工程', 5, '2023-01-03 12:00:00'),
(17, '汉江排涝系统', '排水系统', 2, '2023-01-01 22:00:00'),
(18, '黄河上游护坡', '生态防护', 4, '2023-01-02 12:00:00'),
(19, '嘉陵江拦沙坝', '拦沙坝', 3, '2023-01-01 23:00:00'),
(20, '珠江排涝站', '排涝站', 5, '2023-01-03 13:00:00');

-- Insert 20 weather stations (spread across basins)
INSERT INTO weather_stations (station_id, name, latitude, longitude, basin_id, created_at) VALUES
(1, '三峡气象站', 30.8235, 111.0033, 1, '2023-01-01 12:00:00'),
(2, '武汉气象站', 30.5928, 114.3052, 1, '2023-01-01 13:00:00'),
(3, '南京气象站', 32.0603, 118.7969, 1, '2023-01-01 14:00:00'),
(4, '成都气象站', 30.5728, 104.0668, 1, '2023-01-01 15:00:00'),
(5, '重庆气象站', 29.563, 106.5516, 1, '2023-01-01 16:00:00'),
(6, '宜昌气象站', 30.6919, 111.2865, 1, '2023-01-01 17:00:00'),
(7, '郑州气象站', 34.7474, 113.6254, 2, '2023-01-02 13:00:00'),
(8, '济南气象站', 36.6512, 117.12, 2, '2023-01-02 14:00:00'),
(9, '兰州气象站', 36.0611, 103.8343, 2, '2023-01-02 15:00:00'),
(10, '银川气象站', 38.4872, 106.2309, 2, '2023-01-02 16:00:00'),
(11, '广州气象站', 23.1291, 113.2644, 3, '2023-01-03 14:00:00'),
(12, '深圳气象站', 22.5431, 114.0579, 3, '2023-01-03 15:00:00'),
(13, '桂林气象站', 25.2345, 110.1797, 3, '2023-01-03 16:00:00'),
(14, '贵阳气象站', 26.647, 106.6302, 3, '2023-01-03 17:00:00'),
(15, '长江上游气象站', 29.5636, 106.5806, 1, '2023-01-01 18:00:00'),
(16, '长江中游气象站', 30.5468, 114.3419, 1, '2023-01-01 19:00:00'),
(17, '长江下游气象站', 31.9865, 118.7696, 1, '2023-01-01 20:00:00'),
(18, '黄河中游气象站', 35.0004, 110.9983, 2, '2023-01-02 17:00:00'),
(19, '珠江口气象站', 22.2149, 113.5592, 3, '2023-01-03 18:00:00'),
(20, '珠江上游气象站', 25.2803, 110.2886, 3, '2023-01-03 19:00:00');

-- Insert 20 monitoring stations (spread across rivers and reservoirs)
INSERT INTO monitoring_stations (monitor_id, name, type, river_id, reservoir_id, created_at) VALUES
-- River monitoring stations
(1, '三峡水文站', '水位', 1, NULL, '2023-01-01 13:00:00'),
(2, '武汉水位站', '水位', 1, NULL, '2023-01-01 14:00:00'),
(3, '南京水文站', '水位水质', 1, NULL, '2023-01-01 15:00:00'),
(4, '黄河口监测站', '水位泥沙', 4, NULL, '2023-01-02 14:00:00'),
(5, '珠江口水质站', '水质', 5, NULL, '2023-01-03 15:00:00'),
(6, '汉江水文站', '水位', 2, NULL, '2023-01-01 16:00:00'),
(7, '嘉陵江监测站', '水位泥沙', 3, NULL, '2023-01-01 17:00:00'),
(8, '长江上游水质站', '水质', 1, NULL, '2023-01-01 18:00:00'),
(9, '黄河中游泥沙站', '泥沙', 4, NULL, '2023-01-02 15:00:00'),
(10, '珠江水文站', '水位', 5, NULL, '2023-01-03 16:00:00'),
-- Reservoir monitoring stations
(11, '三峡库区水质站', '水质', NULL, 1, '2023-01-01 19:00:00'),
(12, '丹江口监测站', '水位水质', NULL, 3, '2023-01-01 20:00:00'),
(13, '小浪底泥沙站', '泥沙', NULL, 4, '2023-01-02 16:00:00'),
(14, '大藤峡水文站', '水位', NULL, 19, '2023-01-03 17:00:00'),
(15, '葛洲坝监测站', '水位水质', NULL, 2, '2023-01-01 21:00:00'),
(16, '二滩水库监测站', '水质', NULL, 6, '2023-01-01 22:00:00'),
(17, '溪洛渡水文站', '水位', NULL, 8, '2023-01-01 23:00:00'),
(18, '新安江水质站', '水质', NULL, 9, '2023-01-02 00:00:00'),
(19, '东江水库监测站', '水位水质', NULL, 14, '2023-01-02 01:00:00'),
(20, '飞来峡水文站', '水位', NULL, 20, '2023-01-03 18:00:00');



